t,roll,pitch,yaw,ax,ay,az,x,y,z
0.000,nan,nan,nan,0.0000,0.0000,0.0000,nan,nan,nan
0.020,nan,nan,nan,0.0000,0.0000,0.0000,nan,nan,nan
0.040,nan,nan,nan,0.0000,0.0000,0.0000,nan,nan,nan
0.060,nan,nan,nan,0.0000,0.0000,0.0000,nan,nan,nan
0.080,nan,nan,nan,0.0000,0.0000,0.0000,nan,nan,nan
0.100,nan,nan,nan,0.0000,0.0000,0.0000,nan,nan,nan
0.120,nan,nan,nan,0.0000,0.0000,0.0000,nan,nan,nan
0.140,nan,nan,nan,0.0000,0.0000,0.0000,nan,nan,nan
0.160,nan,nan,nan,0.0000,0.0000,0.0000,nan,nan,nan
0.180,nan,nan,nan,0.0000,0.0000,0.0000,nan,nan,nan
0.200,nan,nan,nan,0.0000,0.0000,0.0000,nan,nan,nan
0.220,nan,nan,nan,0.0000,0.0000,0.0000,nan,nan,nan
0.240,nan,nan,nan,0.0000,0.0000,0.0000,nan,nan,nan
0.260,nan,nan,nan,0.0000,0.0000,0.0000,nan,nan,nan
0.280,nan,nan,nan,0.0000,0.0000,0.0000,nan,nan,nan
0.300,nan,nan,nan,0.0000,0.0000,0.0000,nan,nan,nan
0.320,nan,nan,nan,0.0000,0.0000,0.0000,nan,nan,nan
0.340,nan,nan,nan,0.0000,0.0000,0.0000,nan,nan,nan
0.360,nan,nan,nan,0.0000,0.0000,0.0000,nan,nan,nan
0.380,nan,nan,nan,0.0000,0.0000,0.0000,nan,nan,nan
0.400,nan,nan,nan,0.0000,0.0000,0.0000,nan,nan,nan
0.420,nan,nan,nan,0.0000,0.0000,0.0000,nan,nan,nan
0.440,nan,nan,nan,0.0000,0.0000,0.0000,nan,nan,nan
0.460,nan,nan,nan,0.0000,0.0000,0.0000,nan,nan,nan
0.480,nan,nan,nan,0.0000,0.0000,0.0000,nan,nan,nan
0.500,nan,nan,nan,0.0000,0.0000,0.0000,nan,nan,nan
0.520,nan,nan,nan,0.0000,0.0000,0.0000,nan,nan,nan
0.540,nan,nan,nan,0.0000,0.0000,0.0000,nan,nan,nan
0.560,nan,nan,nan,0.0000,0.0000,0.0000,nan,nan,nan
0.580,nan,nan,nan,0.0000,0.0000,0.0000,nan,nan,nan
0.600,nan,nan,nan,0.0000,0.0000,0.0000,nan,nan,nan
0.620,nan,nan,nan,0.0000,0.0000,0.0000,nan,nan,nan
0.640,nan,nan,nan,0.0000,0.0000,0.0000,nan,nan,nan
0.660,nan,nan,nan,0.0000,0.0000,0.0000,nan,nan,nan
0.680,nan,nan,nan,0.0000,0.0000,0.0000,nan,nan,nan
0.700,nan,nan,nan,0.0000,0.0000,0.0000,nan,nan,nan
0.720,nan,nan,nan,0.0000,0.0000,0.0000,nan,nan,nan
0.740,nan,nan,nan,0.0000,0.0000,0.0000,nan,nan,nan
0.760,nan,nan,nan,0.0000,0.0000,0.0000,nan,nan,nan
0.780,nan,nan,nan,0.0000,0.0000,0.0000,nan,nan,nan
0.800,nan,nan,nan,0.0000,0.0000,0.0000,nan,nan,nan
0.820,nan,nan,nan,0.0000,0.0000,0.0000,nan,nan,nan
0.840,nan,nan,nan,0.0000,0.0000,0.0000,nan,nan,nan
0.860,nan,nan,nan,0.0000,0.0000,0.0000,nan,nan,nan
0.880,nan,nan,nan,0.0000,0.0000,0.0000,nan,nan,nan
0.900,nan,nan,nan,0.0000,0.0000,0.0000,nan,nan,nan
0.920,nan,nan,nan,0.0000,0.0000,0.0000,nan,nan,nan
0.940,nan,nan,nan,0.0000,0.0000,0.0000,nan,nan,nan
0.960,nan,nan,nan,0.0000,0.0000,0.0000,nan,nan,nan
0.980,nan,nan,nan,0.0000,0.0000,0.0000,nan,nan,nan
1.000,nan,nan,nan,0.0000,0.0000,0.0000,nan,nan,nan
1.020,nan,nan,nan,0.0000,0.0000,0.0000,nan,nan,nan
1.040,nan,nan,nan,0.0000,0.0000,0.0000,nan,nan,nan
1.060,nan,nan,nan,0.0000,0.0000,0.0000,nan,nan,nan
1.080,nan,nan,nan,0.0000,0.0000,0.0000,nan,nan,nan
1.100,nan,nan,nan,0.0000,0.0000,0.0000,nan,nan,nan
1.120,nan,nan,nan,0.0000,0.0000,0.0000,nan,nan,nan
1.140,nan,nan,nan,0.0000,0.0000,0.0000,nan,nan,nan
1.160,nan,nan,nan,0.0000,0.0000,0.0000,nan,nan,nan
1.180,nan,nan,nan,0.0000,0.0000,0.0000,nan,nan,nan
1.200,nan,nan,nan,0.0000,0.0000,0.0000,nan,nan,nan
1.220,nan,nan,nan,0.0000,0.0000,0.0000,nan,nan,nan
1.240,nan,nan,nan,0.0000,0.0000,0.0000,nan,nan,nan
1.260,nan,nan,nan,0.0000,0.0000,0.0000,nan,nan,nan
1.280,nan,nan,nan,0.0000,0.0000,0.0000,nan,nan,nan
1.300,nan,nan,nan,0.0000,0.0000,0.0000,nan,nan,nan
1.320,nan,nan,nan,0.0000,0.0000,0.0000,nan,nan,nan
1.340,nan,nan,nan,0.0000,0.0000,0.0000,nan,nan,nan
1.360,nan,nan,nan,0.0000,0.0000,0.0000,nan,nan,nan
1.380,nan,nan,nan,0.0000,0.0000,0.0000,nan,nan,nan
1.400,nan,nan,nan,0.0000,0.0000,0.0000,nan,nan,nan
1.420,nan,nan,nan,0.0000,0.0000,0.0000,nan,nan,nan
1.440,nan,nan,nan,0.0000,0.0000,0.0000,nan,nan,nan
1.460,nan,nan,nan,0.0000,0.0000,0.0000,nan,nan,nan
1.480,nan,nan,nan,0.0000,0.0000,0.0000,nan,nan,nan
1.500,nan,nan,nan,0.0000,0.0000,0.0000,nan,nan,nan
1.520,nan,nan,nan,0.0000,0.0000,0.0000,nan,nan,nan
1.540,nan,nan,nan,0.0000,0.0000,0.0000,nan,nan,nan
1.560,nan,nan,nan,0.0000,0.0000,0.0000,nan,nan,nan
1.580,nan,nan,nan,0.0000,0.0000,0.0000,nan,nan,nan
1.600,nan,nan,nan,0.0000,0.0000,0.0000,nan,nan,nan
1.620,nan,nan,nan,0.0000,0.0000,0.0000,nan,nan,nan
1.640,nan,nan,nan,0.0000,0.0000,0.0000,nan,nan,nan
1.660,nan,nan,nan,0.0000,0.0000,0.0000,nan,nan,nan
1.680,nan,nan,nan,0.0000,0.0000,0.0000,nan,nan,nan
1.700,nan,nan,nan,0.0000,0.0000,0.0000,nan,nan,nan
1.720,nan,nan,nan,0.0000,0.0000,0.0000,nan,nan,nan
1.740,nan,nan,nan,0.0000,0.0000,0.0000,nan,nan,nan
1.760,nan,nan,nan,0.0000,0.0000,0.0000,nan,nan,nan
1.780,nan,nan,nan,0.0000,0.0000,0.0000,nan,nan,nan
1.800,nan,nan,nan,0.0000,0.0000,0.0000,nan,nan,nan
1.820,nan,nan,nan,0.0000,0.0000,0.0000,nan,nan,nan
1.840,nan,nan,nan,0.0000,0.0000,0.0000,nan,nan,nan
1.860,nan,nan,nan,0.0000,0.0000,0.0000,nan,nan,nan
1.880,nan,nan,nan,0.0000,0.0000,0.0000,nan,nan,nan
1.900,nan,nan,nan,0.0000,0.0000,0.0000,nan,nan,nan
1.920,nan,nan,nan,0.0000,0.0000,0.0000,nan,nan,nan
1.940,nan,nan,nan,0.0000,0.0000,0.0000,nan,nan,nan
1.960,nan,nan,nan,0.0000,0.0000,0.0000,nan,nan,nan
1.980,nan,nan,nan,0.0000,0.0000,0.0000,nan,nan,nan
2.000,nan,nan,nan,0.0000,0.0000,0.0000,nan,nan,nan
2.020,nan,nan,nan,0.0000,0.0000,0.0000,nan,nan,nan
2.040,nan,nan,nan,0.0000,0.0000,0.0000,nan,nan,nan
2.060,nan,nan,nan,0.0000,0.0000,0.0000,nan,nan,nan
2.080,nan,nan,nan,0.0000,0.0000,0.0000,nan,nan,nan
2.100,nan,nan,nan,0.0000,0.0000,0.0000,nan,nan,nan
2.120,nan,nan,nan,0.0000,0.0000,0.0000,nan,nan,nan
2.140,nan,nan,nan,0.0000,0.0000,0.0000,nan,nan,nan
2.160,nan,nan,nan,0.0000,0.0000,0.0000,nan,nan,nan
2.180,nan,nan,nan,0.0000,0.0000,0.0000,nan,nan,nan
2.200,nan,nan,nan,0.0000,0.0000,0.0000,nan,nan,nan
2.220,nan,nan,nan,0.0000,0.0000,0.0000,nan,nan,nan
2.240,nan,nan,nan,0.0000,0.0000,0.0000,nan,nan,nan
2.260,nan,nan,nan,0.0000,0.0000,0.0000,nan,nan,nan
2.280,nan,nan,nan,0.0000,0.0000,0.0000,nan,nan,nan
2.300,nan,nan,nan,0.0000,0.0000,0.0000,nan,nan,nan
2.320,nan,nan,nan,0.0000,0.0000,0.0000,nan,nan,nan
2.340,nan,nan,nan,0.0000,0.0000,0.0000,nan,nan,nan
2.360,nan,nan,nan,0.0000,0.0000,0.0000,nan,nan,nan
2.380,nan,nan,nan,0.0000,0.0000,0.0000,nan,nan,nan
2.400,nan,nan,nan,0.0000,0.0000,0.0000,nan,nan,nan
2.420,nan,nan,nan,0.0000,0.0000,0.0000,nan,nan,nan
2.440,nan,nan,nan,0.0000,0.0000,0.0000,nan,nan,nan
2.460,nan,nan,nan,0.0000,0.0000,0.0000,nan,nan,nan
2.480,nan,nan,nan,0.0000,0.0000,0.0000,nan,nan,nan
2.500,nan,nan,nan,0.0000,0.0000,0.0000,nan,nan,nan
2.520,nan,nan,nan,0.0000,0.0000,0.0000,nan,nan,nan
2.540,nan,nan,nan,0.0000,0.0000,0.0000,nan,nan,nan
2.560,nan,nan,nan,0.0000,0.0000,0.0000,nan,nan,nan
2.580,nan,nan,nan,0.0000,0.0000,0.0000,nan,nan,nan
2.600,nan,nan,nan,0.0000,0.0000,0.0000,nan,nan,nan
2.620,nan,nan,nan,0.0000,0.0000,0.0000,nan,nan,nan
2.640,nan,nan,nan,0.0000,0.0000,0.0000,nan,nan,nan
2.660,nan,nan,nan,0.0000,0.0000,0.0000,nan,nan,nan
2.680,nan,nan,nan,0.0000,0.0000,0.0000,nan,nan,nan
2.700,nan,nan,nan,0.0000,0.0000,0.0000,nan,nan,nan
2.720,nan,nan,nan,0.0000,0.0000,0.0000,nan,nan,nan
2.740,nan,nan,nan,0.0000,0.0000,0.0000,nan,nan,nan
2.760,nan,nan,nan,0.0000,0.0000,0.0000,nan,nan,nan
2.780,nan,nan,nan,0.0000,0.0000,0.0000,nan,nan,nan
2.800,nan,nan,nan,0.0000,0.0000,0.0000,nan,nan,nan
2.820,nan,nan,nan,0.0000,0.0000,0.0000,nan,nan,nan
2.840,nan,nan,nan,0.0000,0.0000,0.0000,nan,nan,nan
2.860,nan,nan,nan,0.0000,0.0000,0.0000,nan,nan,nan
2.880,nan,nan,nan,0.0000,0.0000,0.0000,nan,nan,nan
2.900,nan,nan,nan,0.0000,0.0000,0.0000,nan,nan,nan
2.920,nan,nan,nan,0.0000,0.0000,0.0000,nan,nan,nan
2.940,nan,nan,nan,0.0000,0.0000,0.0000,nan,nan,nan
2.960,nan,nan,nan,0.0000,0.0000,0.0000,nan,nan,nan
2.980,nan,nan,nan,0.0000,0.0000,0.0000,nan,nan,nan
3.000,nan,nan,nan,0.0000,0.0000,0.0000,nan,nan,nan
3.020,nan,nan,nan,0.0000,0.0000,0.0000,nan,nan,nan
3.040,nan,nan,nan,0.0000,0.0000,0.0000,nan,nan,nan
3.060,nan,nan,nan,0.0000,0.0000,0.0000,nan,nan,nan
3.080,nan,nan,nan,0.0000,0.0000,0.0000,nan,nan,nan
3.100,nan,nan,nan,0.0000,0.0000,0.0000,nan,nan,nan
3.120,nan,nan,nan,0.0000,0.0000,0.0000,nan,nan,nan
3.140,nan,nan,nan,0.0000,0.0000,0.0000,nan,nan,nan
3.160,nan,nan,nan,0.0000,0.0000,0.0000,nan,nan,nan
3.180,nan,nan,nan,0.0000,0.0000,0.0000,nan,nan,nan
3.200,nan,nan,nan,0.0000,0.0000,0.0000,nan,nan,nan
3.220,nan,nan,nan,0.0000,0.0000,0.0000,nan,nan,nan
3.240,nan,nan,nan,0.0000,0.0000,0.0000,nan,nan,nan
3.260,nan,nan,nan,0.0000,0.0000,0.0000,nan,nan,nan
3.280,nan,nan,nan,0.0000,0.0000,0.0000,nan,nan,nan
3.300,nan,nan,nan,0.0000,0.0000,0.0000,nan,nan,nan
3.320,nan,nan,nan,0.0000,0.0000,0.0000,nan,nan,nan
3.340,nan,nan,nan,0.0000,0.0000,0.0000,nan,nan,nan
3.360,nan,nan,nan,0.0000,0.0000,0.0000,nan,nan,nan
3.380,nan,nan,nan,0.0000,0.0000,0.0000,nan,nan,nan
3.400,nan,nan,nan,0.0000,0.0000,0.0000,nan,nan,nan
3.420,nan,nan,nan,0.0000,0.0000,0.0000,nan,nan,nan
3.440,nan,nan,nan,0.0000,0.0000,0.0000,nan,nan,nan
3.460,nan,nan,nan,0.0000,0.0000,0.0000,nan,nan,nan
3.480,nan,nan,nan,0.0000,0.0000,0.0000,nan,nan,nan
3.500,nan,nan,nan,0.0000,0.0000,0.0000,nan,nan,nan
3.520,nan,nan,nan,0.0000,0.0000,0.0000,nan,nan,nan
3.540,nan,nan,nan,0.0000,0.0000,0.0000,nan,nan,nan
3.560,nan,nan,nan,0.0000,0.0000,0.0000,nan,nan,nan
3.580,nan,nan,nan,0.0000,0.0000,0.0000,nan,nan,nan
3.600,nan,nan,nan,0.0000,0.0000,0.0000,nan,nan,nan
3.620,nan,nan,nan,0.0000,0.0000,0.0000,nan,nan,nan
3.640,nan,nan,nan,0.0000,0.0000,0.0000,nan,nan,nan
3.660,nan,nan,nan,0.0000,0.0000,0.0000,nan,nan,nan
3.680,nan,nan,nan,0.0000,0.0000,0.0000,nan,nan,nan
3.700,nan,nan,nan,0.0000,0.0000,0.0000,nan,nan,nan
7.620,nan,nan,nan,0.0000,0.0000,0.0000,nan,nan,nan
7.640,nan,nan,nan,0.0000,0.0000,0.0000,nan,nan,nan
7.660,nan,nan,nan,0.0000,0.0000,0.0000,nan,nan,nan
7.680,nan,nan,nan,0.0000,0.0000,0.0000,nan,nan,nan
7.700,nan,nan,nan,0.0000,0.0000,0.0000,nan,nan,nan
7.720,nan,nan,nan,0.0000,0.0000,0.0000,nan,nan,nan
7.740,nan,nan,nan,0.0000,0.0000,0.0000,nan,nan,nan
7.760,nan,nan,nan,0.0000,0.0000,0.0000,nan,nan,nan
7.780,nan,nan,nan,0.0000,0.0000,0.0000,nan,nan,nan
7.800,nan,nan,nan,0.0000,0.0000,0.0000,nan,nan,nan
7.820,nan,nan,nan,0.0000,0.0000,0.0000,nan,nan,nan
7.840,nan,nan,nan,0.0000,0.0000,0.0000,nan,nan,nan
7.860,nan,nan,nan,0.0000,0.0000,0.0000,nan,nan,nan
7.880,nan,nan,nan,0.0000,0.0000,0.0000,nan,nan,nan
7.900,nan,nan,nan,0.0000,0.0000,0.0000,nan,nan,nan
7.920,nan,nan,nan,0.0000,0.0000,0.0000,nan,nan,nan
7.940,nan,nan,nan,0.0000,0.0000,0.0000,nan,nan,nan
7.960,nan,nan,nan,0.0000,0.0000,0.0000,nan,nan,nan
7.980,nan,nan,nan,0.0000,0.0000,0.0000,nan,nan,nan
8.000,nan,nan,nan,0.0000,0.0000,0.0000,nan,nan,nan
8.020,nan,nan,nan,0.0000,0.0000,0.0000,nan,nan,nan
8.040,nan,nan,nan,0.0000,0.0000,0.0000,nan,nan,nan
8.060,nan,nan,nan,0.0000,0.0000,0.0000,nan,nan,nan
8.080,nan,nan,nan,0.0000,0.0000,0.0000,nan,nan,nan
8.100,nan,nan,nan,0.0000,0.0000,0.0000,nan,nan,nan
8.120,nan,nan,nan,0.0000,0.0000,0.0000,nan,nan,nan
8.140,nan,nan,nan,0.0000,0.0000,0.0000,nan,nan,nan
8.160,nan,nan,nan,0.0000,0.0000,0.0000,nan,nan,nan
8.180,nan,nan,nan,0.0000,0.0000,0.0000,nan,nan,nan
8.200,nan,nan,nan,0.0000,0.0000,0.0000,nan,nan,nan
8.220,nan,nan,nan,0.0000,0.0000,0.0000,nan,nan,nan
8.240,nan,nan,nan,0.0000,0.0000,0.0000,nan,nan,nan
8.260,nan,nan,nan,0.0000,0.0000,0.0000,nan,nan,nan
8.280,nan,nan,nan,0.0000,0.0000,0.0000,nan,nan,nan
8.300,nan,nan,nan,0.0000,0.0000,0.0000,nan,nan,nan
8.320,nan,nan,nan,0.0000,0.0000,0.0000,nan,nan,nan
8.340,nan,nan,nan,0.0000,0.0000,0.0000,nan,nan,nan
8.360,nan,nan,nan,0.0000,0.0000,0.0000,nan,nan,nan
8.380,nan,nan,nan,0.0000,0.0000,0.0000,nan,nan,nan
8.400,nan,nan,nan,0.0000,0.0000,0.0000,nan,nan,nan
8.420,nan,nan,nan,0.0000,0.0000,0.0000,nan,nan,nan
8.440,nan,nan,nan,0.0000,0.0000,0.0000,nan,nan,nan
8.460,nan,nan,nan,0.0000,0.0000,0.0000,nan,nan,nan
8.480,nan,nan,nan,0.0000,0.0000,0.0000,nan,nan,nan
8.500,nan,nan,nan,0.0000,0.0000,0.0000,nan,nan,nan
8.520,nan,nan,nan,0.0000,0.0000,0.0000,nan,nan,nan
8.540,nan,nan,nan,0.0000,0.0000,0.0000,nan,nan,nan
8.560,nan,nan,nan,0.0000,0.0000,0.0000,nan,nan,nan
8.580,nan,nan,nan,0.0000,0.0000,0.0000,nan,nan,nan
8.600,nan,nan,nan,0.0000,0.0000,0.0000,nan,nan,nan
8.620,nan,nan,nan,0.0000,0.0000,0.0000,nan,nan,nan
8.640,nan,nan,nan,0.0000,0.0000,0.0000,nan,nan,nan
8.660,nan,nan,nan,0.0000,0.0000,0.0000,nan,nan,nan
8.680,nan,nan,nan,0.0000,0.0000,0.0000,nan,nan,nan
8.700,nan,nan,nan,0.0000,0.0000,0.0000,nan,nan,nan
8.720,nan,nan,nan,0.0000,0.0000,0.0000,nan,nan,nan
8.740,nan,nan,nan,0.0000,0.0000,0.0000,nan,nan,nan
8.760,nan,nan,nan,0.0000,0.0000,0.0000,nan,nan,nan
8.780,nan,nan,nan,0.0000,0.0000,0.0000,nan,nan,nan
8.800,nan,nan,nan,0.0000,0.0000,0.0000,nan,nan,nan
8.820,nan,nan,nan,0.0000,0.0000,0.0000,nan,nan,nan
8.840,nan,nan,nan,0.0000,0.0000,0.0000,nan,nan,nan
8.860,nan,nan,nan,0.0000,0.0000,0.0000,nan,nan,nan
8.880,nan,nan,nan,0.0000,0.0000,0.0000,nan,nan,nan
8.900,nan,nan,nan,0.0000,0.0000,0.0000,nan,nan,nan
8.920,nan,nan,nan,0.0000,0.0000,0.0000,nan,nan,nan
8.940,nan,nan,nan,0.0000,0.0000,0.0000,nan,nan,nan
12.980,nan,nan,nan,0.0000,0.0000,0.0000,nan,nan,nan
13.000,nan,nan,nan,0.0000,0.0000,0.0000,nan,nan,nan
13.020,nan,nan,nan,0.0000,0.0000,0.0000,nan,nan,nan
13.040,nan,nan,nan,0.0000,0.0000,0.0000,nan,nan,nan
13.060,nan,nan,nan,0.0000,0.0000,0.0000,nan,nan,nan
13.080,nan,nan,nan,0.0000,0.0000,0.0000,nan,nan,nan
13.100,nan,nan,nan,0.0000,0.0000,0.0000,nan,nan,nan
13.120,nan,nan,nan,0.0000,0.0000,0.0000,nan,nan,nan
13.140,nan,nan,nan,0.0000,0.0000,0.0000,nan,nan,nan
13.160,nan,nan,nan,0.0000,0.0000,0.0000,nan,nan,nan
13.180,nan,nan,nan,0.0000,0.0000,0.0000,nan,nan,nan
13.200,nan,nan,nan,0.0000,0.0000,0.0000,nan,nan,nan
13.220,nan,nan,nan,0.0000,0.0000,0.0000,nan,nan,nan
13.240,nan,nan,nan,0.0000,0.0000,0.0000,nan,nan,nan
13.260,nan,nan,nan,0.0000,0.0000,0.0000,nan,nan,nan
13.280,nan,nan,nan,0.0000,0.0000,0.0000,nan,nan,nan
13.300,nan,nan,nan,0.0000,0.0000,0.0000,nan,nan,nan
13.320,nan,nan,nan,0.0000,0.0000,0.0000,nan,nan,nan
13.340,nan,nan,nan,0.0000,0.0000,0.0000,nan,nan,nan
13.360,nan,nan,nan,0.0000,0.0000,0.0000,nan,nan,nan
13.380,nan,nan,nan,0.0000,0.0000,0.0000,nan,nan,nan
13.400,nan,nan,nan,0.0000,0.0000,0.0000,nan,nan,nan
13.420,nan,nan,nan,0.0000,0.0000,0.0000,nan,nan,nan
13.440,nan,nan,nan,0.0000,0.0000,0.0000,nan,nan,nan
13.460,nan,nan,nan,0.0000,0.0000,0.0000,nan,nan,nan
13.480,nan,nan,nan,0.0000,0.0000,0.0000,nan,nan,nan
13.500,nan,nan,nan,0.0000,0.0000,0.0000,nan,nan,nan
13.520,nan,nan,nan,0.0000,0.0000,0.0000,nan,nan,nan
13.540,nan,nan,nan,0.0000,0.0000,0.0000,nan,nan,nan
13.560,nan,nan,nan,0.0000,0.0000,0.0000,nan,nan,nan
13.580,nan,nan,nan,0.0000,0.0000,0.0000,nan,nan,nan
13.600,nan,nan,nan,0.0000,0.0000,0.0000,nan,nan,nan
13.620,nan,nan,nan,0.0000,0.0000,0.0000,nan,nan,nan
13.640,nan,nan,nan,0.0000,0.0000,0.0000,nan,nan,nan
13.660,nan,nan,nan,0.0000,0.0000,0.0000,nan,nan,nan
13.680,nan,nan,nan,0.0000,0.0000,0.0000,nan,nan,nan
13.700,nan,nan,nan,0.0000,0.0000,0.0000,nan,nan,nan
13.720,nan,nan,nan,0.0000,0.0000,0.0000,nan,nan,nan
13.740,nan,nan,nan,0.0000,0.0000,0.0000,nan,nan,nan
13.760,nan,nan,nan,0.0000,0.0000,0.0000,nan,nan,nan
13.780,nan,nan,nan,0.0000,0.0000,0.0000,nan,nan,nan
13.800,nan,nan,nan,0.0000,0.0000,0.0000,nan,nan,nan
13.820,nan,nan,nan,0.0000,0.0000,0.0000,nan,nan,nan
13.840,nan,nan,nan,0.0000,0.0000,0.0000,nan,nan,nan
13.860,nan,nan,nan,0.0000,0.0000,0.0000,nan,nan,nan
13.880,nan,nan,nan,0.0000,0.0000,0.0000,nan,nan,nan
13.900,nan,nan,nan,0.0000,0.0000,0.0000,nan,nan,nan
13.920,nan,nan,nan,0.0000,0.0000,0.0000,nan,nan,nan
13.940,nan,nan,nan,0.0000,0.0000,0.0000,nan,nan,nan
13.960,nan,nan,nan,0.0000,0.0000,0.0000,nan,nan,nan
13.980,nan,nan,nan,0.0000,0.0000,0.0000,nan,nan,nan
14.000,nan,nan,nan,0.0000,0.0000,0.0000,nan,nan,nan
14.020,nan,nan,nan,0.0000,0.0000,0.0000,nan,nan,nan
14.040,nan,nan,nan,0.0000,0.0000,0.0000,nan,nan,nan
14.060,nan,nan,nan,0.0000,0.0000,0.0000,nan,nan,nan
14.080,nan,nan,nan,0.0000,0.0000,0.0000,nan,nan,nan
14.100,nan,nan,nan,0.0000,0.0000,0.0000,nan,nan,nan
14.120,nan,nan,nan,0.0000,0.0000,0.0000,nan,nan,nan
14.140,nan,nan,nan,0.0000,0.0000,0.0000,nan,nan,nan
14.160,nan,nan,nan,0.0000,0.0000,0.0000,nan,nan,nan
14.180,nan,nan,nan,0.0000,0.0000,0.0000,nan,nan,nan
14.200,nan,nan,nan,0.0000,0.0000,0.0000,nan,nan,nan
14.220,nan,nan,nan,0.0000,0.0000,0.0000,nan,nan,nan
14.240,nan,nan,nan,0.0000,0.0000,0.0000,nan,nan,nan
14.260,nan,nan,nan,0.0000,0.0000,0.0000,nan,nan,nan
14.280,nan,nan,nan,0.0000,0.0000,0.0000,nan,nan,nan
18.120,nan,nan,nan,0.0000,0.0000,0.0000,nan,nan,nan
18.140,nan,nan,nan,0.0000,0.0000,0.0000,nan,nan,nan
18.160,nan,nan,nan,0.0000,0.0000,0.0000,nan,nan,nan
18.180,nan,nan,nan,0.0000,0.0000,0.0000,nan,nan,nan
18.200,nan,nan,nan,0.0000,0.0000,0.0000,nan,nan,nan
18.220,nan,nan,nan,0.0000,0.0000,0.0000,nan,nan,nan
18.240,nan,nan,nan,0.0000,0.0000,0.0000,nan,nan,nan
18.260,nan,nan,nan,0.0000,0.0000,0.0000,nan,nan,nan
18.280,nan,nan,nan,0.0000,0.0000,0.0000,nan,nan,nan
18.300,nan,nan,nan,0.0000,0.0000,0.0000,nan,nan,nan
18.320,nan,nan,nan,0.0000,0.0000,0.0000,nan,nan,nan
18.340,nan,nan,nan,0.0000,0.0000,0.0000,nan,nan,nan
18.360,nan,nan,nan,0.0000,0.0000,0.0000,nan,nan,nan
18.380,nan,nan,nan,0.0000,0.0000,0.0000,nan,nan,nan
18.400,nan,nan,nan,0.0000,0.0000,0.0000,nan,nan,nan
18.420,nan,nan,nan,0.0000,0.0000,0.0000,nan,nan,nan
18.440,nan,nan,nan,0.0000,0.0000,0.0000,nan,nan,nan
18.460,nan,nan,nan,0.0000,0.0000,0.0000,nan,nan,nan
18.480,nan,nan,nan,0.0000,0.0000,0.0000,nan,nan,nan
18.500,nan,nan,nan,0.0000,0.0000,0.0000,nan,nan,nan
18.520,nan,nan,nan,0.0000,0.0000,0.0000,nan,nan,nan
18.540,nan,nan,nan,0.0000,0.0000,0.0000,nan,nan,nan
18.560,nan,nan,nan,0.0000,0.0000,0.0000,nan,nan,nan
18.580,nan,nan,nan,0.0000,0.0000,0.0000,nan,nan,nan
18.600,nan,nan,nan,0.0000,0.0000,0.0000,nan,nan,nan
18.620,nan,nan,nan,0.0000,0.0000,0.0000,nan,nan,nan
18.640,nan,nan,nan,0.0000,0.0000,0.0000,nan,nan,nan
18.660,nan,nan,nan,0.0000,0.0000,0.0000,nan,nan,nan
18.680,nan,nan,nan,0.0000,0.0000,0.0000,nan,nan,nan
18.700,nan,nan,nan,0.0000,0.0000,0.0000,nan,nan,nan
18.720,nan,nan,nan,0.0000,0.0000,0.0000,nan,nan,nan
18.740,nan,nan,nan,0.0000,0.0000,0.0000,nan,nan,nan
18.760,nan,nan,nan,0.0000,0.0000,0.0000,nan,nan,nan
18.780,nan,nan,nan,0.0000,0.0000,0.0000,nan,nan,nan
18.800,nan,nan,nan,0.0000,0.0000,0.0000,nan,nan,nan
18.820,nan,nan,nan,0.0000,0.0000,0.0000,nan,nan,nan
18.840,nan,nan,nan,0.0000,0.0000,0.0000,nan,nan,nan
18.860,nan,nan,nan,0.0000,0.0000,0.0000,nan,nan,nan
18.880,nan,nan,nan,0.0000,0.0000,0.0000,nan,nan,nan
18.900,nan,nan,nan,0.0000,0.0000,0.0000,nan,nan,nan
18.920,nan,nan,nan,0.0000,0.0000,0.0000,nan,nan,nan
18.940,nan,nan,nan,0.0000,0.0000,0.0000,nan,nan,nan
18.960,nan,nan,nan,0.0000,0.0000,0.0000,nan,nan,nan
18.980,nan,nan,nan,0.0000,0.0000,0.0000,nan,nan,nan
19.000,nan,nan,nan,0.0000,0.0000,0.0000,nan,nan,nan
19.020,nan,nan,nan,0.0000,0.0000,0.0000,nan,nan,nan
19.040,nan,nan,nan,0.0000,0.0000,0.0000,nan,nan,nan
19.060,nan,nan,nan,0.0000,0.0000,0.0000,nan,nan,nan
19.080,nan,nan,nan,0.0000,0.0000,0.0000,nan,nan,nan
19.100,nan,nan,nan,0.0000,0.0000,0.0000,nan,nan,nan
19.120,nan,nan,nan,0.0000,0.0000,0.0000,nan,nan,nan
19.140,nan,nan,nan,0.0000,0.0000,0.0000,nan,nan,nan
19.160,nan,nan,nan,0.0000,0.0000,0.0000,nan,nan,nan
19.180,nan,nan,nan,0.0000,0.0000,0.0000,nan,nan,nan
19.200,nan,nan,nan,0.0000,0.0000,0.0000,nan,nan,nan
19.220,nan,nan,nan,0.0000,0.0000,0.0000,nan,nan,nan
19.240,nan,nan,nan,0.0000,0.0000,0.0000,nan,nan,nan
19.260,nan,nan,nan,0.0000,0.0000,0.0000,nan,nan,nan
19.280,nan,nan,nan,0.0000,0.0000,0.0000,nan,nan,nan
19.300,nan,nan,nan,0.0000,0.0000,0.0000,nan,nan,nan
19.320,nan,nan,nan,0.0000,0.0000,0.0000,nan,nan,nan
19.340,nan,nan,nan,0.0000,0.0000,0.0000,nan,nan,nan
19.360,nan,nan,nan,0.0000,0.0000,0.0000,nan,nan,nan
19.380,nan,nan,nan,0.0000,0.0000,0.0000,nan,nan,nan
19.400,nan,nan,nan,0.0000,0.0000,0.0000,nan,nan,nan
19.420,nan,nan,nan,0.0000,0.0000,0.0000,nan,nan,nan
23.380,nan,nan,nan,0.0000,0.0000,0.0000,nan,nan,nan
23.400,nan,nan,nan,0.0000,0.0000,0.0000,nan,nan,nan
23.420,nan,nan,nan,0.0000,0.0000,0.0000,nan,nan,nan
23.440,nan,nan,nan,0.0000,0.0000,0.0000,nan,nan,nan
23.460,nan,nan,nan,0.0000,0.0000,0.0000,nan,nan,nan
23.480,nan,nan,nan,0.0000,0.0000,0.0000,nan,nan,nan
23.500,nan,nan,nan,0.0000,0.0000,0.0000,nan,nan,nan
23.520,nan,nan,nan,0.0000,0.0000,0.0000,nan,nan,nan
23.540,nan,nan,nan,0.0000,0.0000,0.0000,nan,nan,nan
23.560,nan,nan,nan,0.0000,0.0000,0.0000,nan,nan,nan
23.580,nan,nan,nan,0.0000,0.0000,0.0000,nan,nan,nan
23.600,nan,nan,nan,0.0000,0.0000,0.0000,nan,nan,nan
23.620,nan,nan,nan,0.0000,0.0000,0.0000,nan,nan,nan
23.640,nan,nan,nan,0.0000,0.0000,0.0000,nan,nan,nan
23.660,nan,nan,nan,0.0000,0.0000,0.0000,nan,nan,nan
23.680,nan,nan,nan,0.0000,0.0000,0.0000,nan,nan,nan
23.700,nan,nan,nan,0.0000,0.0000,0.0000,nan,nan,nan
23.720,nan,nan,nan,0.0000,0.0000,0.0000,nan,nan,nan
23.740,nan,nan,nan,0.0000,0.0000,0.0000,nan,nan,nan
23.760,nan,nan,nan,0.0000,0.0000,0.0000,nan,nan,nan
23.780,nan,nan,nan,0.0000,0.0000,0.0000,nan,nan,nan
23.800,nan,nan,nan,0.0000,0.0000,0.0000,nan,nan,nan
23.820,nan,nan,nan,0.0000,0.0000,0.0000,nan,nan,nan
23.840,nan,nan,nan,0.0000,0.0000,0.0000,nan,nan,nan
23.860,nan,nan,nan,0.0000,0.0000,0.0000,nan,nan,nan
23.880,nan,nan,nan,0.0000,0.0000,0.0000,nan,nan,nan
23.900,nan,nan,nan,0.0000,0.0000,0.0000,nan,nan,nan
23.920,nan,nan,nan,0.0000,0.0000,0.0000,nan,nan,nan
23.940,nan,nan,nan,0.0000,0.0000,0.0000,nan,nan,nan
23.960,nan,nan,nan,0.0000,0.0000,0.0000,nan,nan,nan
23.980,nan,nan,nan,0.0000,0.0000,0.0000,nan,nan,nan
24.000,nan,nan,nan,0.0000,0.0000,0.0000,nan,nan,nan
24.020,nan,nan,nan,0.0000,0.0000,0.0000,nan,nan,nan
24.040,nan,nan,nan,0.0000,0.0000,0.0000,nan,nan,nan
24.060,nan,nan,nan,0.0000,0.0000,0.0000,nan,nan,nan
24.080,nan,nan,nan,0.0000,0.0000,0.0000,nan,nan,nan
24.100,nan,nan,nan,0.0000,0.0000,0.0000,nan,nan,nan
24.120,nan,nan,nan,0.0000,0.0000,0.0000,nan,nan,nan
24.140,nan,nan,nan,0.0000,0.0000,0.0000,nan,nan,nan
24.160,nan,nan,nan,0.0000,0.0000,0.0000,nan,nan,nan
24.180,nan,nan,nan,0.0000,0.0000,0.0000,nan,nan,nan
24.200,nan,nan,nan,0.0000,0.0000,0.0000,nan,nan,nan
24.220,nan,nan,nan,0.0000,0.0000,0.0000,nan,nan,nan
24.240,nan,nan,nan,0.0000,0.0000,0.0000,nan,nan,nan
24.260,nan,nan,nan,0.0000,0.0000,0.0000,nan,nan,nan
24.280,nan,nan,nan,0.0000,0.0000,0.0000,nan,nan,nan
24.300,nan,nan,nan,0.0000,0.0000,0.0000,nan,nan,nan
24.320,nan,nan,nan,0.0000,0.0000,0.0000,nan,nan,nan
24.340,nan,nan,nan,0.0000,0.0000,0.0000,nan,nan,nan
24.360,nan,nan,nan,0.0000,0.0000,0.0000,nan,nan,nan
24.380,nan,nan,nan,0.0000,0.0000,0.0000,nan,nan,nan
24.400,nan,nan,nan,0.0000,0.0000,0.0000,nan,nan,nan
24.420,nan,nan,nan,0.0000,0.0000,0.0000,nan,nan,nan
24.440,nan,nan,nan,0.0000,0.0000,0.0000,nan,nan,nan
24.460,nan,nan,nan,0.0000,0.0000,0.0000,nan,nan,nan
24.480,nan,nan,nan,0.0000,0.0000,0.0000,nan,nan,nan
24.500,nan,nan,nan,0.0000,0.0000,0.0000,nan,nan,nan
24.520,nan,nan,nan,0.0000,0.0000,0.0000,nan,nan,nan
24.540,nan,nan,nan,0.0000,0.0000,0.0000,nan,nan,nan
24.560,nan,nan,nan,0.0000,0.0000,0.0000,nan,nan,nan
1760782666.271,nan,nan,nan,nan,nan,nan,nan,nan,nan
24.580,nan,nan,nan,0.0000,0.0000,0.0000,nan,nan,nan
24.600,nan,nan,nan,0.0000,0.0000,0.0000,nan,nan,nan
24.620,nan,nan,nan,0.0000,0.0000,0.0000,nan,nan,nan
28.640,nan,nan,nan,0.0000,0.0000,0.0000,nan,nan,nan
28.660,nan,nan,nan,0.0000,0.0000,0.0000,nan,nan,nan
28.680,nan,nan,nan,0.0000,0.0000,0.0000,nan,nan,nan
28.700,nan,nan,nan,0.0000,0.0000,0.0000,nan,nan,nan
28.720,nan,nan,nan,0.0000,0.0000,0.0000,nan,nan,nan
28.740,nan,nan,nan,0.0000,0.0000,0.0000,nan,nan,nan
28.760,nan,nan,nan,0.0000,0.0000,0.0000,nan,nan,nan
28.780,nan,nan,nan,0.0000,0.0000,0.0000,nan,nan,nan
28.800,nan,nan,nan,0.0000,0.0000,0.0000,nan,nan,nan
28.820,nan,nan,nan,0.0000,0.0000,0.0000,nan,nan,nan
28.840,nan,nan,nan,0.0000,0.0000,0.0000,nan,nan,nan
28.860,nan,nan,nan,0.0000,0.0000,0.0000,nan,nan,nan
28.880,nan,nan,nan,0.0000,0.0000,0.0000,nan,nan,nan
28.900,nan,nan,nan,0.0000,0.0000,0.0000,nan,nan,nan
28.920,nan,nan,nan,0.0000,0.0000,0.0000,nan,nan,nan
28.940,nan,nan,nan,0.0000,0.0000,0.0000,nan,nan,nan
28.960,nan,nan,nan,0.0000,0.0000,0.0000,nan,nan,nan
28.980,nan,nan,nan,0.0000,0.0000,0.0000,nan,nan,nan
29.000,nan,nan,nan,0.0000,0.0000,0.0000,nan,nan,nan
29.020,nan,nan,nan,0.0000,0.0000,0.0000,nan,nan,nan
29.040,nan,nan,nan,0.0000,0.0000,0.0000,nan,nan,nan
29.060,nan,nan,nan,0.0000,0.0000,0.0000,nan,nan,nan
29.080,nan,nan,nan,0.0000,0.0000,0.0000,nan,nan,nan
29.100,nan,nan,nan,0.0000,0.0000,0.0000,nan,nan,nan
29.120,nan,nan,nan,0.0000,0.0000,0.0000,nan,nan,nan
29.140,nan,nan,nan,0.0000,0.0000,0.0000,nan,nan,nan
29.160,nan,nan,nan,0.0000,0.0000,0.0000,nan,nan,nan
29.180,nan,nan,nan,0.0000,0.0000,0.0000,nan,nan,nan
29.200,nan,nan,nan,0.0000,0.0000,0.0000,nan,nan,nan
29.220,nan,nan,nan,0.0000,0.0000,0.0000,nan,nan,nan
29.240,nan,nan,nan,0.0000,0.0000,0.0000,nan,nan,nan
29.260,nan,nan,nan,0.0000,0.0000,0.0000,nan,nan,nan
29.280,nan,nan,nan,0.0000,0.0000,0.0000,nan,nan,nan
29.300,nan,nan,nan,0.0000,0.0000,0.0000,nan,nan,nan
29.320,nan,nan,nan,0.0000,0.0000,0.0000,nan,nan,nan
29.340,nan,nan,nan,0.0000,0.0000,0.0000,nan,nan,nan
29.360,nan,nan,nan,0.0000,0.0000,0.0000,nan,nan,nan
29.380,nan,nan,nan,0.0000,0.0000,0.0000,nan,nan,nan
29.400,nan,nan,nan,0.0000,0.0000,0.0000,nan,nan,nan
29.420,nan,nan,nan,0.0000,0.0000,0.0000,nan,nan,nan
29.440,nan,nan,nan,0.0000,0.0000,0.0000,nan,nan,nan
29.460,nan,nan,nan,0.0000,0.0000,0.0000,nan,nan,nan
29.480,nan,nan,nan,0.0000,0.0000,0.0000,nan,nan,nan
29.500,nan,nan,nan,0.0000,0.0000,0.0000,nan,nan,nan
29.520,nan,nan,nan,0.0000,0.0000,0.0000,nan,nan,nan
29.540,nan,nan,nan,0.0000,0.0000,0.0000,nan,nan,nan
29.560,nan,nan,nan,0.0000,0.0000,0.0000,nan,nan,nan
29.580,nan,nan,nan,0.0000,0.0000,0.0000,nan,nan,nan
29.600,nan,nan,nan,0.0000,0.0000,0.0000,nan,nan,nan
29.620,nan,nan,nan,0.0000,0.0000,0.0000,nan,nan,nan
29.640,nan,nan,nan,0.0000,0.0000,0.0000,nan,nan,nan
29.660,nan,nan,nan,0.0000,0.0000,0.0000,nan,nan,nan
29.680,nan,nan,nan,0.0000,0.0000,0.0000,nan,nan,nan
29.700,nan,nan,nan,0.0000,0.0000,0.0000,nan,nan,nan
29.720,nan,nan,nan,0.0000,0.0000,0.0000,nan,nan,nan
29.740,nan,nan,nan,0.0000,0.0000,0.0000,nan,nan,nan
29.760,nan,nan,nan,0.0000,0.0000,0.0000,nan,nan,nan
29.780,nan,nan,nan,0.0000,0.0000,0.0000,nan,nan,nan
29.800,nan,nan,nan,0.0000,0.0000,0.0000,nan,nan,nan
29.820,nan,nan,nan,0.0000,0.0000,0.0000,nan,nan,nan
29.840,nan,nan,nan,0.0000,0.0000,0.0000,nan,nan,nan
29.860,nan,nan,nan,0.0000,0.0000,0.0000,nan,nan,nan
29.880,nan,nan,nan,0.0000,0.0000,0.0000,nan,nan,nan
29.900,nan,nan,nan,0.0000,0.0000,0.0000,nan,nan,nan
29.920,nan,nan,nan,0.0000,0.0000,0.0000,nan,nan,nan
29.940,nan,nan,nan,0.0000,0.0000,0.0000,nan,nan,nan
33.720,nan,nan,nan,0.0000,0.0000,0.0000,nan,nan,nan
33.740,nan,nan,nan,0.0000,0.0000,0.0000,nan,nan,nan
33.760,nan,nan,nan,0.0000,0.0000,0.0000,nan,nan,nan
33.780,nan,nan,nan,0.0000,0.0000,0.0000,nan,nan,nan
33.800,nan,nan,nan,0.0000,0.0000,0.0000,nan,nan,nan
33.820,nan,nan,nan,0.0000,0.0000,0.0000,nan,nan,nan
33.840,nan,nan,nan,0.0000,0.0000,0.0000,nan,nan,nan
33.860,nan,nan,nan,0.0000,0.0000,0.0000,nan,nan,nan
33.880,nan,nan,nan,0.0000,0.0000,0.0000,nan,nan,nan
33.900,nan,nan,nan,0.0000,0.0000,0.0000,nan,nan,nan
33.920,nan,nan,nan,0.0000,0.0000,0.0000,nan,nan,nan
33.940,nan,nan,nan,0.0000,0.0000,0.0000,nan,nan,nan
33.960,nan,nan,nan,0.0000,0.0000,0.0000,nan,nan,nan
33.980,nan,nan,nan,0.0000,0.0000,0.0000,nan,nan,nan
34.000,nan,nan,nan,0.0000,0.0000,0.0000,nan,nan,nan
34.020,nan,nan,nan,0.0000,0.0000,0.0000,nan,nan,nan
34.040,nan,nan,nan,0.0000,0.0000,0.0000,nan,nan,nan
34.060,nan,nan,nan,0.0000,0.0000,0.0000,nan,nan,nan
34.080,nan,nan,nan,0.0000,0.0000,0.0000,nan,nan,nan
34.100,nan,nan,nan,0.0000,0.0000,0.0000,nan,nan,nan
34.120,nan,nan,nan,0.0000,0.0000,0.0000,nan,nan,nan
34.140,nan,nan,nan,0.0000,0.0000,0.0000,nan,nan,nan
34.160,nan,nan,nan,0.0000,0.0000,0.0000,nan,nan,nan
34.180,nan,nan,nan,0.0000,0.0000,0.0000,nan,nan,nan
34.200,nan,nan,nan,0.0000,0.0000,0.0000,nan,nan,nan
34.220,nan,nan,nan,0.0000,0.0000,0.0000,nan,nan,nan
34.240,nan,nan,nan,0.0000,0.0000,0.0000,nan,nan,nan
34.260,nan,nan,nan,0.0000,0.0000,0.0000,nan,nan,nan
34.280,nan,nan,nan,0.0000,0.0000,0.0000,nan,nan,nan
34.300,nan,nan,nan,0.0000,0.0000,0.0000,nan,nan,nan
34.320,nan,nan,nan,0.0000,0.0000,0.0000,nan,nan,nan
34.340,nan,nan,nan,0.0000,0.0000,0.0000,nan,nan,nan
34.360,nan,nan,nan,0.0000,0.0000,0.0000,nan,nan,nan
34.380,nan,nan,nan,0.0000,0.0000,0.0000,nan,nan,nan
34.400,nan,nan,nan,0.0000,0.0000,0.0000,nan,nan,nan
34.420,nan,nan,nan,0.0000,0.0000,0.0000,nan,nan,nan
34.440,nan,nan,nan,0.0000,0.0000,0.0000,nan,nan,nan
34.460,nan,nan,nan,0.0000,0.0000,0.0000,nan,nan,nan
34.480,nan,nan,nan,0.0000,0.0000,0.0000,nan,nan,nan
34.500,nan,nan,nan,0.0000,0.0000,0.0000,nan,nan,nan
34.520,nan,nan,nan,0.0000,0.0000,0.0000,nan,nan,nan
34.540,nan,nan,nan,0.0000,0.0000,0.0000,nan,nan,nan
34.560,nan,nan,nan,0.0000,0.0000,0.0000,nan,nan,nan
34.580,nan,nan,nan,0.0000,0.0000,0.0000,nan,nan,nan
34.600,nan,nan,nan,0.0000,0.0000,0.0000,nan,nan,nan
34.620,nan,nan,nan,0.0000,0.0000,0.0000,nan,nan,nan
34.640,nan,nan,nan,0.0000,0.0000,0.0000,nan,nan,nan
34.660,nan,nan,nan,0.0000,0.0000,0.0000,nan,nan,nan
34.680,nan,nan,nan,0.0000,0.0000,0.0000,nan,nan,nan
34.700,nan,nan,nan,0.0000,0.0000,0.0000,nan,nan,nan
34.720,nan,nan,nan,0.0000,0.0000,0.0000,nan,nan,nan
34.740,nan,nan,nan,0.0000,0.0000,0.0000,nan,nan,nan
34.760,nan,nan,nan,0.0000,0.0000,0.0000,nan,nan,nan
34.780,nan,nan,nan,0.0000,0.0000,0.0000,nan,nan,nan
34.800,nan,nan,nan,0.0000,0.0000,0.0000,nan,nan,nan
34.820,nan,nan,nan,0.0000,0.0000,0.0000,nan,nan,nan
34.840,nan,nan,nan,0.0000,0.0000,0.0000,nan,nan,nan
34.860,nan,nan,nan,0.0000,0.0000,0.0000,nan,nan,nan
34.880,nan,nan,nan,0.0000,0.0000,0.0000,nan,nan,nan
34.900,nan,nan,nan,0.0000,0.0000,0.0000,nan,nan,nan
34.920,nan,nan,nan,0.0000,0.0000,0.0000,nan,nan,nan
34.940,nan,nan,nan,0.0000,0.0000,0.0000,nan,nan,nan
34.960,nan,nan,nan,0.0000,0.0000,0.0000,nan,nan,nan
34.980,nan,nan,nan,0.0000,0.0000,0.0000,nan,nan,nan
35.000,nan,nan,nan,0.0000,0.0000,0.0000,nan,nan,nan
35.020,nan,nan,nan,0.0000,0.0000,0.0000,nan,nan,nan
35.040,nan,nan,nan,0.0000,0.0000,0.0000,nan,nan,nan
39.060,nan,nan,nan,0.0000,0.0000,0.0000,nan,nan,nan
39.080,nan,nan,nan,0.0000,0.0000,0.0000,nan,nan,nan
39.100,nan,nan,nan,0.0000,0.0000,0.0000,nan,nan,nan
39.120,nan,nan,nan,0.0000,0.0000,0.0000,nan,nan,nan
39.140,nan,nan,nan,0.0000,0.0000,0.0000,nan,nan,nan
39.160,nan,nan,nan,0.0000,0.0000,0.0000,nan,nan,nan
39.180,nan,nan,nan,0.0000,0.0000,0.0000,nan,nan,nan
39.200,nan,nan,nan,0.0000,0.0000,0.0000,nan,nan,nan
39.220,nan,nan,nan,0.0000,0.0000,0.0000,nan,nan,nan
39.240,nan,nan,nan,0.0000,0.0000,0.0000,nan,nan,nan
39.260,nan,nan,nan,0.0000,0.0000,0.0000,nan,nan,nan
39.280,nan,nan,nan,0.0000,0.0000,0.0000,nan,nan,nan
39.300,nan,nan,nan,0.0000,0.0000,0.0000,nan,nan,nan
39.320,nan,nan,nan,0.0000,0.0000,0.0000,nan,nan,nan
39.340,nan,nan,nan,0.0000,0.0000,0.0000,nan,nan,nan
39.360,nan,nan,nan,0.0000,0.0000,0.0000,nan,nan,nan
39.380,nan,nan,nan,0.0000,0.0000,0.0000,nan,nan,nan
39.400,nan,nan,nan,0.0000,0.0000,0.0000,nan,nan,nan
39.420,nan,nan,nan,0.0000,0.0000,0.0000,nan,nan,nan
39.440,nan,nan,nan,0.0000,0.0000,0.0000,nan,nan,nan
39.460,nan,nan,nan,0.0000,0.0000,0.0000,nan,nan,nan
39.480,nan,nan,nan,0.0000,0.0000,0.0000,nan,nan,nan
39.500,nan,nan,nan,0.0000,0.0000,0.0000,nan,nan,nan
39.520,nan,nan,nan,0.0000,0.0000,0.0000,nan,nan,nan
39.540,nan,nan,nan,0.0000,0.0000,0.0000,nan,nan,nan
39.560,nan,nan,nan,0.0000,0.0000,0.0000,nan,nan,nan
39.580,nan,nan,nan,0.0000,0.0000,0.0000,nan,nan,nan
39.600,nan,nan,nan,0.0000,0.0000,0.0000,nan,nan,nan
39.620,nan,nan,nan,0.0000,0.0000,0.0000,nan,nan,nan
39.640,nan,nan,nan,0.0000,0.0000,0.0000,nan,nan,nan
39.660,nan,nan,nan,0.0000,0.0000,0.0000,nan,nan,nan
39.680,nan,nan,nan,0.0000,0.0000,0.0000,nan,nan,nan
39.700,nan,nan,nan,0.0000,0.0000,0.0000,nan,nan,nan
39.720,nan,nan,nan,0.0000,0.0000,0.0000,nan,nan,nan
39.740,nan,nan,nan,0.0000,0.0000,0.0000,nan,nan,nan
39.760,nan,nan,nan,0.0000,0.0000,0.0000,nan,nan,nan
39.780,nan,nan,nan,0.0000,0.0000,0.0000,nan,nan,nan
39.800,nan,nan,nan,0.0000,0.0000,0.0000,nan,nan,nan
39.820,nan,nan,nan,0.0000,0.0000,0.0000,nan,nan,nan
39.840,nan,nan,nan,0.0000,0.0000,0.0000,nan,nan,nan
39.860,nan,nan,nan,0.0000,0.0000,0.0000,nan,nan,nan
39.880,nan,nan,nan,0.0000,0.0000,0.0000,nan,nan,nan
39.900,nan,nan,nan,0.0000,0.0000,0.0000,nan,nan,nan
39.920,nan,nan,nan,0.0000,0.0000,0.0000,nan,nan,nan
39.940,nan,nan,nan,0.0000,0.0000,0.0000,nan,nan,nan
39.960,nan,nan,nan,0.0000,0.0000,0.0000,nan,nan,nan
39.980,nan,nan,nan,0.0000,0.0000,0.0000,nan,nan,nan
40.000,nan,nan,nan,0.0000,0.0000,0.0000,nan,nan,nan
40.020,nan,nan,nan,0.0000,0.0000,0.0000,nan,nan,nan
40.040,nan,nan,nan,0.0000,0.0000,0.0000,nan,nan,nan
40.060,nan,nan,nan,0.0000,0.0000,0.0000,nan,nan,nan
40.080,nan,nan,nan,0.0000,0.0000,0.0000,nan,nan,nan
40.100,nan,nan,nan,0.0000,0.0000,0.0000,nan,nan,nan
40.120,nan,nan,nan,0.0000,0.0000,0.0000,nan,nan,nan
40.140,nan,nan,nan,0.0000,0.0000,0.0000,nan,nan,nan
40.160,nan,nan,nan,0.0000,0.0000,0.0000,nan,nan,nan
40.180,nan,nan,nan,0.0000,0.0000,0.0000,nan,nan,nan
40.200,nan,nan,nan,0.0000,0.0000,0.0000,nan,nan,nan
40.220,nan,nan,nan,0.0000,0.0000,0.0000,nan,nan,nan
40.240,nan,nan,nan,0.0000,0.0000,0.0000,nan,nan,nan
40.260,nan,nan,nan,0.0000,0.0000,0.0000,nan,nan,nan
40.280,nan,nan,nan,0.0000,0.0000,0.0000,nan,nan,nan
40.300,nan,nan,nan,0.0000,0.0000,0.0000,nan,nan,nan
40.320,nan,nan,nan,0.0000,0.0000,0.0000,nan,nan,nan
44.380,nan,nan,nan,0.0000,0.0000,0.0000,nan,nan,nan
44.400,nan,nan,nan,0.0000,0.0000,0.0000,nan,nan,nan
44.420,nan,nan,nan,0.0000,0.0000,0.0000,nan,nan,nan
44.440,nan,nan,nan,0.0000,0.0000,0.0000,nan,nan,nan
44.460,nan,nan,nan,0.0000,0.0000,0.0000,nan,nan,nan
44.480,nan,nan,nan,0.0000,0.0000,0.0000,nan,nan,nan
44.500,nan,nan,nan,0.0000,0.0000,0.0000,nan,nan,nan
44.520,nan,nan,nan,0.0000,0.0000,0.0000,nan,nan,nan
44.540,nan,nan,nan,0.0000,0.0000,0.0000,nan,nan,nan
44.560,nan,nan,nan,0.0000,0.0000,0.0000,nan,nan,nan
44.580,nan,nan,nan,0.0000,0.0000,0.0000,nan,nan,nan
44.600,nan,nan,nan,0.0000,0.0000,0.0000,nan,nan,nan
44.620,nan,nan,nan,0.0000,0.0000,0.0000,nan,nan,nan
44.640,nan,nan,nan,0.0000,0.0000,0.0000,nan,nan,nan
44.660,nan,nan,nan,0.0000,0.0000,0.0000,nan,nan,nan
44.680,nan,nan,nan,0.0000,0.0000,0.0000,nan,nan,nan
44.700,nan,nan,nan,0.0000,0.0000,0.0000,nan,nan,nan
44.720,nan,nan,nan,0.0000,0.0000,0.0000,nan,nan,nan
44.740,nan,nan,nan,0.0000,0.0000,0.0000,nan,nan,nan
44.760,nan,nan,nan,0.0000,0.0000,0.0000,nan,nan,nan
44.780,nan,nan,nan,0.0000,0.0000,0.0000,nan,nan,nan
44.800,nan,nan,nan,0.0000,0.0000,0.0000,nan,nan,nan
44.820,nan,nan,nan,0.0000,0.0000,0.0000,nan,nan,nan
44.840,nan,nan,nan,0.0000,0.0000,0.0000,nan,nan,nan
44.860,nan,nan,nan,0.0000,0.0000,0.0000,nan,nan,nan
44.880,nan,nan,nan,0.0000,0.0000,0.0000,nan,nan,nan
44.900,nan,nan,nan,0.0000,0.0000,0.0000,nan,nan,nan
44.920,nan,nan,nan,0.0000,0.0000,0.0000,nan,nan,nan
44.940,nan,nan,nan,0.0000,0.0000,0.0000,nan,nan,nan
44.960,nan,nan,nan,0.0000,0.0000,0.0000,nan,nan,nan
44.980,nan,nan,nan,0.0000,0.0000,0.0000,nan,nan,nan
45.000,nan,nan,nan,0.0000,0.0000,0.0000,nan,nan,nan
45.020,nan,nan,nan,0.0000,0.0000,0.0000,nan,nan,nan
45.040,nan,nan,nan,0.0000,0.0000,0.0000,nan,nan,nan
45.060,nan,nan,nan,0.0000,0.0000,0.0000,nan,nan,nan
45.080,nan,nan,nan,0.0000,0.0000,0.0000,nan,nan,nan
45.100,nan,nan,nan,0.0000,0.0000,0.0000,nan,nan,nan
45.120,nan,nan,nan,0.0000,0.0000,0.0000,nan,nan,nan
45.140,nan,nan,nan,0.0000,0.0000,0.0000,nan,nan,nan
45.160,nan,nan,nan,0.0000,0.0000,0.0000,nan,nan,nan
45.180,nan,nan,nan,0.0000,0.0000,0.0000,nan,nan,nan
45.200,nan,nan,nan,0.0000,0.0000,0.0000,nan,nan,nan
45.220,nan,nan,nan,0.0000,0.0000,0.0000,nan,nan,nan
45.240,nan,nan,nan,0.0000,0.0000,0.0000,nan,nan,nan
45.260,nan,nan,nan,0.0000,0.0000,0.0000,nan,nan,nan
45.280,nan,nan,nan,0.0000,0.0000,0.0000,nan,nan,nan
45.300,nan,nan,nan,0.0000,0.0000,0.0000,nan,nan,nan
45.320,nan,nan,nan,0.0000,0.0000,0.0000,nan,nan,nan
45.340,nan,nan,nan,0.0000,0.0000,0.0000,nan,nan,nan
45.360,nan,nan,nan,0.0000,0.0000,0.0000,nan,nan,nan
45.380,nan,nan,nan,0.0000,0.0000,0.0000,nan,nan,nan
45.400,nan,nan,nan,0.0000,0.0000,0.0000,nan,nan,nan
45.420,nan,nan,nan,0.0000,0.0000,0.0000,nan,nan,nan
45.440,nan,nan,nan,0.0000,0.0000,0.0000,nan,nan,nan
45.460,nan,nan,nan,0.0000,0.0000,0.0000,nan,nan,nan
45.480,nan,nan,nan,0.0000,0.0000,0.0000,nan,nan,nan
45.500,nan,nan,nan,0.0000,0.0000,0.0000,nan,nan,nan
45.520,nan,nan,nan,0.0000,0.0000,0.0000,nan,nan,nan
45.540,nan,nan,nan,0.0000,0.0000,0.0000,nan,nan,nan
45.560,nan,nan,nan,0.0000,0.0000,0.0000,nan,nan,nan
45.580,nan,nan,nan,0.0000,0.0000,0.0000,nan,nan,nan
45.600,nan,nan,nan,0.0000,0.0000,0.0000,nan,nan,nan
45.620,nan,nan,nan,0.0000,0.0000,0.0000,nan,nan,nan
45.640,nan,nan,nan,0.0000,0.0000,0.0000,nan,nan,nan
45.660,nan,nan,nan,0.0000,0.0000,0.0000,nan,nan,nan
49.740,nan,nan,nan,0.0000,0.0000,0.0000,nan,nan,nan
49.760,nan,nan,nan,0.0000,0.0000,0.0000,nan,nan,nan
49.780,nan,nan,nan,0.0000,0.0000,0.0000,nan,nan,nan
49.800,nan,nan,nan,0.0000,0.0000,0.0000,nan,nan,nan
49.820,nan,nan,nan,0.0000,0.0000,0.0000,nan,nan,nan
49.840,nan,nan,nan,0.0000,0.0000,0.0000,nan,nan,nan
49.860,nan,nan,nan,0.0000,0.0000,0.0000,nan,nan,nan
49.880,nan,nan,nan,0.0000,0.0000,0.0000,nan,nan,nan
49.900,nan,nan,nan,0.0000,0.0000,0.0000,nan,nan,nan
49.920,nan,nan,nan,0.0000,0.0000,0.0000,nan,nan,nan
49.940,nan,nan,nan,0.0000,0.0000,0.0000,nan,nan,nan
49.960,nan,nan,nan,0.0000,0.0000,0.0000,nan,nan,nan
49.980,nan,nan,nan,0.0000,0.0000,0.0000,nan,nan,nan
50.000,nan,nan,nan,0.0000,0.0000,0.0000,nan,nan,nan
50.020,nan,nan,nan,0.0000,0.0000,0.0000,nan,nan,nan
50.040,nan,nan,nan,0.0000,0.0000,0.0000,nan,nan,nan
50.060,nan,nan,nan,0.0000,0.0000,0.0000,nan,nan,nan
50.080,nan,nan,nan,0.0000,0.0000,0.0000,nan,nan,nan
50.100,nan,nan,nan,0.0000,0.0000,0.0000,nan,nan,nan
50.120,nan,nan,nan,0.0000,0.0000,0.0000,nan,nan,nan
50.140,nan,nan,nan,0.0000,0.0000,0.0000,nan,nan,nan
50.160,nan,nan,nan,0.0000,0.0000,0.0000,nan,nan,nan
50.180,nan,nan,nan,0.0000,0.0000,0.0000,nan,nan,nan
50.200,nan,nan,nan,0.0000,0.0000,0.0000,nan,nan,nan
50.220,nan,nan,nan,0.0000,0.0000,0.0000,nan,nan,nan
50.240,nan,nan,nan,0.0000,0.0000,0.0000,nan,nan,nan
50.260,nan,nan,nan,0.0000,0.0000,0.0000,nan,nan,nan
50.280,nan,nan,nan,0.0000,0.0000,0.0000,nan,nan,nan
50.300,nan,nan,nan,0.0000,0.0000,0.0000,nan,nan,nan
50.320,nan,nan,nan,0.0000,0.0000,0.0000,nan,nan,nan
50.340,nan,nan,nan,0.0000,0.0000,0.0000,nan,nan,nan
50.360,nan,nan,nan,0.0000,0.0000,0.0000,nan,nan,nan
50.380,nan,nan,nan,0.0000,0.0000,0.0000,nan,nan,nan
50.400,nan,nan,nan,0.0000,0.0000,0.0000,nan,nan,nan
50.420,nan,nan,nan,0.0000,0.0000,0.0000,nan,nan,nan
50.440,nan,nan,nan,0.0000,0.0000,0.0000,nan,nan,nan
50.460,nan,nan,nan,0.0000,0.0000,0.0000,nan,nan,nan
50.480,nan,nan,nan,0.0000,0.0000,0.0000,nan,nan,nan
50.500,nan,nan,nan,0.0000,0.0000,0.0000,nan,nan,nan
50.520,nan,nan,nan,0.0000,0.0000,0.0000,nan,nan,nan
50.540,nan,nan,nan,0.0000,0.0000,0.0000,nan,nan,nan
50.560,nan,nan,nan,0.0000,0.0000,0.0000,nan,nan,nan
50.580,nan,nan,nan,0.0000,0.0000,0.0000,nan,nan,nan
50.600,nan,nan,nan,0.0000,0.0000,0.0000,nan,nan,nan
50.620,nan,nan,nan,0.0000,0.0000,0.0000,nan,nan,nan
50.640,nan,nan,nan,0.0000,0.0000,0.0000,nan,nan,nan
50.660,nan,nan,nan,0.0000,0.0000,0.0000,nan,nan,nan
50.680,nan,nan,nan,0.0000,0.0000,0.0000,nan,nan,nan
50.700,nan,nan,nan,0.0000,0.0000,0.0000,nan,nan,nan
50.720,nan,nan,nan,0.0000,0.0000,0.0000,nan,nan,nan
50.740,nan,nan,nan,0.0000,0.0000,0.0000,nan,nan,nan
50.760,nan,nan,nan,0.0000,0.0000,0.0000,nan,nan,nan
50.780,nan,nan,nan,0.0000,0.0000,0.0000,nan,nan,nan
50.800,nan,nan,nan,0.0000,0.0000,0.0000,nan,nan,nan
